"timestamp","pair","EUR/USD"
2026-03-03 10:19:48,EUR/USD,$1.159051
2026-03-03 09:43:48,EUR/USD,$1.157870
2026-03-03 09:35:48,EUR/USD,$1.156481
2026-03-03 09:27:48,EUR/USD,$1.154900
2026-03-03 09:21:48,EUR/USD,$1.153653
2026-03-03 09:13:48,EUR/USD,$1.155427
2026-03-03 08:59:48,EUR/USD,$1.156805
2026-03-03 08:19:48,EUR/USD,$1.158225
2026-03-03 07:57:48,EUR/USD,$1.159531
2026-03-03 06:57:48,EUR/USD,$1.160921
2026-03-03 05:58:46,EUR/USD,$1.160188
2026-03-03 05:44:46,EUR/USD,$1.159550
2026-03-03 05:36:46,EUR/USD,$1.158391
2026-03-03 04:40:46,EUR/USD,$1.159816
2026-03-03 03:44:46,EUR/USD,$1.161049
2026-03-03 02:50:46,EUR/USD,$1.162283
2026-03-03 02:14:46,EUR/USD,$1.163468
2026-03-03 01:52:46,EUR/USD,$1.164670
2026-03-03 01:34:46,EUR/USD,$1.165898
2026-03-02 23:42:46,EUR/USD,$1.167077
2026-03-02 22:50:46,EUR/USD,$1.168445
2026-03-02 17:20:46,EUR/USD,$1.169712
2026-03-02 14:24:46,EUR/USD,$1.168475
2026-03-02 14:10:46,EUR/USD,$1.169685
2026-03-02 13:30:46,EUR/USD,$1.170923
2026-03-02 11:12:46,EUR/USD,$1.169721
2026-03-02 10:00:46,EUR/USD,$1.168524
2026-03-02 09:42:46,EUR/USD,$1.169705
2026-03-02 08:08:46,EUR/USD,$1.170943
2026-03-02 08:00:46,EUR/USD,$1.169643
2026-03-02 06:50:46,EUR/USD,$1.170836
2026-03-02 06:20:46,EUR/USD,$1.172163
2026-03-02 05:58:46,EUR/USD,$1.173356
2026-03-02 05:18:46,EUR/USD,$1.173081
2026-03-02 03:24:46,EUR/USD,$1.174553
2026-03-02 03:06:46,EUR/USD,$1.173260
2026-03-02 02:46:46,EUR/USD,$1.171893
2026-03-02 02:34:46,EUR/USD,$1.170195
2026-03-02 01:40:46,EUR/USD,$1.171594
2026-03-02 00:48:46,EUR/USD,$1.173290
2026-03-02 00:26:46,EUR/USD,$1.174482
2026-03-02 00:06:46,EUR/USD,$1.175698
2026-03-01 23:46:46,EUR/USD,$1.177195
2026-03-01 19:14:46,EUR/USD,$1.178378
2026-03-01 18:20:46,EUR/USD,$1.176921
2026-03-01 17:34:46,EUR/USD,$1.175619
2026-03-01 16:10:46,EUR/USD,$1.176964
2026-03-01 15:02:46,EUR/USD,$1.178295
2026-03-01 13:28:46,EUR/USD,$1.179528
2026-03-01 05:58:46,EUR/USD,$1.180846
2026-03-01 04:50:46,EUR/USD,$1.180765
2026-03-01 03:28:46,EUR/USD,$1.181970
2026-03-01 00:42:46,EUR/USD,$1.180607
2026-03-01 00:38:46,EUR/USD,$1.182308
2026-02-28 23:28:46,EUR/USD,$1.180616
2026-02-28 23:08:46,EUR/USD,$1.181807
2026-02-28 15:42:46,EUR/USD,$1.180410
2026-02-28 05:58:46,EUR/USD,$1.179058
2026-02-28 05:34:46,EUR/USD,$1.178986
2026-02-28 04:10:46,EUR/USD,$1.180231
2026-02-28 03:42:46,EUR/USD,$1.178984
2026-02-28 00:26:46,EUR/USD,$1.180213
2026-02-27 22:44:46,EUR/USD,$1.181505
2026-02-27 21:28:46,EUR/USD,$1.180306
2026-02-27 10:08:46,EUR/USD,$1.181522
2026-02-27 09:50:46,EUR/USD,$1.180085
2026-02-27 09:44:46,EUR/USD,$1.181526
2026-02-27 08:58:46,EUR/USD,$1.179985
2026-02-27 08:44:46,EUR/USD,$1.181353
2026-02-27 05:58:46,EUR/USD,$1.179831
2026-02-27 04:42:46,EUR/USD,$1.179552
2026-02-27 02:50:46,EUR/USD,$1.180746
2026-02-27 01:50:46,EUR/USD,$1.182071
2026-02-26 21:42:46,EUR/USD,$1.180802
2026-02-26 15:46:46,EUR/USD,$1.179515
2026-02-26 14:54:46,EUR/USD,$1.180717
2026-02-26 13:40:46,EUR/USD,$1.179170
2026-02-26 11:22:46,EUR/USD,$1.177824
2026-02-26 09:40:46,EUR/USD,$1.179273
2026-02-26 09:30:46,EUR/USD,$1.178061
2026-02-26 09:20:46,EUR/USD,$1.179859
2026-02-26 08:58:46,EUR/USD,$1.181155
2026-02-26 08:10:46,EUR/USD,$1.179967
2026-02-26 07:12:46,EUR/USD,$1.181256
2026-02-26 05:58:46,EUR/USD,$1.180040
2026-02-26 02:56:46,EUR/USD,$1.180253
2026-02-25 20:42:46,EUR/USD,$1.181472
2026-02-25 19:26:46,EUR/USD,$1.182720
2026-02-25 17:00:46,EUR/USD,$1.181454
2026-02-25 16:56:46,EUR/USD,$1.182697
2026-02-25 10:04:46,EUR/USD,$1.180550
2026-02-25 09:34:46,EUR/USD,$1.178929
2026-02-25 09:16:46,EUR/USD,$1.180266
2026-02-25 08:38:46,EUR/USD,$1.178665
2026-02-25 08:04:46,EUR/USD,$1.177272
2026-02-25 06:30:46,EUR/USD,$1.178536
2026-02-25 05:58:46,EUR/USD,$1.177346
2026-02-25 05:48:46,EUR/USD,$1.178129
2026-02-25 05:26:46,EUR/USD,$1.176832
2026-02-25 03:32:46,EUR/USD,$1.178026
2026-02-25 02:02:46,EUR/USD,$1.179250
2026-02-24 23:56:46,EUR/USD,$1.180591
2026-02-24 21:36:46,EUR/USD,$1.179409
2026-02-24 16:34:46,EUR/USD,$1.178145
2026-02-24 16:26:46,EUR/USD,$1.176889
2026-02-24 12:44:46,EUR/USD,$1.178068
2026-02-24 12:36:46,EUR/USD,$1.179320
2026-02-24 12:12:46,EUR/USD,$1.177660
2026-02-24 11:14:46,EUR/USD,$1.178941
2026-02-24 09:36:46,EUR/USD,$1.177560
2026-02-24 09:20:46,EUR/USD,$1.176350
2026-02-24 07:00:46,EUR/USD,$1.177556
2026-02-24 06:58:46,EUR/USD,$1.178905
2026-02-24 05:58:46,EUR/USD,$1.177659
2026-02-24 05:28:46,EUR/USD,$1.177395
2026-02-24 03:42:46,EUR/USD,$1.178621
2026-02-24 03:32:46,EUR/USD,$1.179933
2026-02-24 03:02:46,EUR/USD,$1.178288
2026-02-24 02:56:46,EUR/USD,$1.179554
2026-02-24 01:32:46,EUR/USD,$1.178371
2026-02-24 01:08:46,EUR/USD,$1.177183
2026-02-24 00:48:46,EUR/USD,$1.178402
2026-02-23 22:28:46,EUR/USD,$1.176851
2026-02-23 19:16:46,EUR/USD,$1.178073
2026-02-23 17:10:46,EUR/USD,$1.179271
2026-02-23 16:00:46,EUR/USD,$1.178082
2026-02-23 09:56:46,EUR/USD,$1.179277
2026-02-23 09:14:46,EUR/USD,$1.180703
2026-02-23 08:02:46,EUR/USD,$1.179512
2026-02-23 07:12:46,EUR/USD,$1.178186
2026-02-23 06:28:46,EUR/USD,$1.176989
2026-02-23 05:58:46,EUR/USD,$1.178214
2026-02-23 05:42:46,EUR/USD,$1.177728
2026-02-23 05:14:46,EUR/USD,$1.179080
2026-02-23 03:18:46,EUR/USD,$1.180274
2026-02-23 02:20:46,EUR/USD,$1.181473
2026-02-23 00:16:46,EUR/USD,$1.182818
2026-02-22 23:52:46,EUR/USD,$1.181354
2026-02-22 23:50:46,EUR/USD,$1.182897
2026-02-22 23:44:46,EUR/USD,$1.181445
2026-02-22 23:42:46,EUR/USD,$1.182638
2026-02-22 23:24:46,EUR/USD,$1.181115
2026-02-22 17:42:46,EUR/USD,$1.182548
2026-02-22 17:22:46,EUR/USD,$1.181109
2026-02-22 16:08:46,EUR/USD,$1.179485
2026-02-22 06:00:46,EUR/USD,$1.178157
2026-02-22 04:44:49,EUR/USD,$1.177780
2026-02-21 14:48:51,EUR/USD,$1.177832
2026-02-20 14:48:51,EUR/USD,$1.178643
2026-02-20 12:30:51,EUR/USD,$1.178375
2026-02-20 10:36:51,EUR/USD,$1.177065
2026-02-20 09:44:51,EUR/USD,$1.178359
2026-02-20 09:20:51,EUR/USD,$1.179599
2026-02-20 09:12:51,EUR/USD,$1.177555
2026-02-20 09:08:51,EUR/USD,$1.175682
2026-02-20 09:06:51,EUR/USD,$1.177300
2026-02-20 05:16:51,EUR/USD,$1.175906
2026-02-20 05:08:51,EUR/USD,$1.177176
2026-02-20 04:22:51,EUR/USD,$1.175628
2026-02-20 03:20:51,EUR/USD,$1.176909
2026-02-20 02:32:51,EUR/USD,$1.175603
2026-02-20 02:12:51,EUR/USD,$1.174284
2026-02-20 01:14:51,EUR/USD,$1.175644
2026-02-20 01:12:51,EUR/USD,$1.176834
2026-02-19 20:14:51,EUR/USD,$1.175164
2026-02-19 19:18:51,EUR/USD,$1.176402
2026-02-19 19:16:51,EUR/USD,$1.177594
2026-02-19 14:48:51,EUR/USD,$1.176356
2026-02-19 11:36:51,EUR/USD,$1.176672
2026-02-19 11:04:51,EUR/USD,$1.175407
2026-02-19 09:10:51,EUR/USD,$1.176657
2026-02-19 08:12:51,EUR/USD,$1.175310
2026-02-19 08:00:51,EUR/USD,$1.176499
2026-02-19 07:12:51,EUR/USD,$1.175045
2026-02-19 06:58:51,EUR/USD,$1.176734
2026-02-19 05:34:51,EUR/USD,$1.177938
2026-02-19 04:22:51,EUR/USD,$1.179178
2026-02-19 02:36:51,EUR/USD,$1.180456
2026-02-19 01:04:51,EUR/USD,$1.179180
2026-02-19 00:32:51,EUR/USD,$1.180380
2026-02-18 20:16:51,EUR/USD,$1.179110
2026-02-18 20:14:51,EUR/USD,$1.180457
2026-02-18 19:28:51,EUR/USD,$1.178752
2026-02-18 19:24:51,EUR/USD,$1.180136
2026-02-18 17:20:51,EUR/USD,$1.178416
2026-02-18 17:16:51,EUR/USD,$1.179618
2026-02-18 14:48:51,EUR/USD,$1.178236
2026-02-18 12:34:51,EUR/USD,$1.178923
2026-02-18 11:40:51,EUR/USD,$1.180147
2026-02-18 09:22:51,EUR/USD,$1.181534
2026-02-18 09:10:51,EUR/USD,$1.182788
2026-02-18 08:58:51,EUR/USD,$1.181213
2026-02-18 07:58:51,EUR/USD,$1.182409
2026-02-18 06:26:51,EUR/USD,$1.183605
2026-02-18 05:28:51,EUR/USD,$1.182327
2026-02-18 04:28:51,EUR/USD,$1.183696
2026-02-18 04:26:51,EUR/USD,$1.184896
2026-02-18 01:40:51,EUR/USD,$1.183379
2026-02-17 14:48:51,EUR/USD,$1.184591
2026-02-17 11:32:51,EUR/USD,$1.183834
2026-02-17 10:30:51,EUR/USD,$1.182616
2026-02-17 07:48:51,EUR/USD,$1.181423
2026-02-17 06:00:51,EUR/USD,$1.182672
2026-02-17 05:08:51,EUR/USD,$1.184171
2026-02-17 05:06:51,EUR/USD,$1.185563
2026-02-17 03:02:51,EUR/USD,$1.183974
2026-02-17 03:00:51,EUR/USD,$1.185367
2026-02-16 19:30:51,EUR/USD,$1.183869
2026-02-16 14:48:51,EUR/USD,$1.185075
2026-02-16 13:14:51,EUR/USD,$1.186017
2026-02-16 13:10:51,EUR/USD,$1.184773
2026-02-16 13:08:51,EUR/USD,$1.186396
2026-02-16 11:42:51,EUR/USD,$1.184325
2026-02-16 09:30:51,EUR/USD,$1.185633
2026-02-16 09:26:51,EUR/USD,$1.187005
2026-02-16 06:24:51,EUR/USD,$1.185537
2026-02-16 03:40:51,EUR/USD,$1.186857
2026-02-16 01:26:51,EUR/USD,$1.185484
2026-02-16 00:34:51,EUR/USD,$1.186683
2026-02-15 18:34:51,EUR/USD,$1.185492
2026-02-15 16:24:51,EUR/USD,$1.186799
2026-02-15 14:48:51,EUR/USD,$1.185568
2026-02-15 07:06:51,EUR/USD,$1.186051
2026-02-14 14:48:51,EUR/USD,$1.184717
2026-02-14 03:14:51,EUR/USD,$1.184953
2026-02-13 14:48:51,EUR/USD,$1.186167
2026-02-13 13:44:51,EUR/USD,$1.186232
2026-02-13 11:14:51,EUR/USD,$1.187430
2026-02-13 10:24:51,EUR/USD,$1.185899
2026-02-13 10:00:51,EUR/USD,$1.184692
2026-02-13 07:44:51,EUR/USD,$1.186160
2026-02-13 07:34:51,EUR/USD,$1.187436
2026-02-13 06:42:51,EUR/USD,$1.186248
2026-02-13 04:26:51,EUR/USD,$1.185052
2026-02-13 03:10:51,EUR/USD,$1.186247
2026-02-13 03:08:51,EUR/USD,$1.187975
2026-02-13 00:36:51,EUR/USD,$1.185574
2026-02-12 23:42:51,EUR/USD,$1.186855
2026-02-12 23:40:51,EUR/USD,$1.188073
2026-02-12 20:36:51,EUR/USD,$1.186740
2026-02-12 20:26:51,EUR/USD,$1.188013
2026-02-12 20:22:51,EUR/USD,$1.186571
2026-02-12 20:20:51,EUR/USD,$1.188406
2026-02-12 19:28:51,EUR/USD,$1.187218
2026-02-12 19:26:51,EUR/USD,$1.188425
2026-02-12 19:20:51,EUR/USD,$1.186675
2026-02-12 19:18:51,EUR/USD,$1.188835
2026-02-12 18:56:51,EUR/USD,$1.186717
2026-02-12 18:54:51,EUR/USD,$1.187989
2026-02-12 17:28:51,EUR/USD,$1.186696
2026-02-12 17:20:51,EUR/USD,$1.187950
2026-02-12 14:48:51,EUR/USD,$1.186651
2026-02-12 10:36:51,EUR/USD,$1.186697
2026-02-12 07:12:51,EUR/USD,$1.188071
2026-02-12 06:56:51,EUR/USD,$1.186883
2026-02-12 06:02:51,EUR/USD,$1.188187
2026-02-12 04:56:51,EUR/USD,$1.186920
2026-02-12 03:28:51,EUR/USD,$1.188319
2026-02-12 02:40:51,EUR/USD,$1.186982
2026-02-12 02:36:51,EUR/USD,$1.188589
2026-02-12 01:30:51,EUR/USD,$1.187055
2026-02-11 23:38:51,EUR/USD,$1.185637
2026-02-11 14:48:51,EUR/USD,$1.186854
2026-02-11 14:44:51,EUR/USD,$1.186834
2026-02-11 12:10:51,EUR/USD,$1.188023
2026-02-11 11:12:51,EUR/USD,$1.189272
2026-02-11 10:36:51,EUR/USD,$1.187472
2026-02-11 08:26:51,EUR/USD,$1.185884
2026-02-11 08:10:51,EUR/USD,$1.187337
2026-02-11 08:04:51,EUR/USD,$1.185918
2026-02-11 07:50:51,EUR/USD,$1.187197
2026-02-11 07:40:51,EUR/USD,$1.185504
2026-02-11 07:36:51,EUR/USD,$1.184208
2026-02-11 06:26:51,EUR/USD,$1.189655
2026-02-11 05:20:51,EUR/USD,$1.190891
2026-02-11 03:50:51,EUR/USD,$1.192128
2026-02-11 03:14:51,EUR/USD,$1.190581
2026-02-10 23:20:51,EUR/USD,$1.191832
2026-02-10 20:48:51,EUR/USD,$1.190490
2026-02-10 20:44:51,EUR/USD,$1.191892
2026-02-10 19:58:51,EUR/USD,$1.190042
2026-02-10 15:32:51,EUR/USD,$1.188741
2026-02-10 14:48:51,EUR/USD,$1.189949
2026-02-10 14:36:51,EUR/USD,$1.190173
2026-02-10 11:48:51,EUR/USD,$1.188961
2026-02-10 09:52:51,EUR/USD,$1.190220
2026-02-10 09:34:51,EUR/USD,$1.188982
2026-02-10 08:48:51,EUR/USD,$1.190316
2026-02-10 08:34:51,EUR/USD,$1.191576
2026-02-10 07:38:51,EUR/USD,$1.190034
2026-02-10 06:48:51,EUR/USD,$1.188672
2026-02-10 04:58:51,EUR/USD,$1.190197
2026-02-10 04:40:51,EUR/USD,$1.191587
2026-02-10 04:34:51,EUR/USD,$1.190249
2026-02-10 03:24:51,EUR/USD,$1.191574
2026-02-09 17:28:51,EUR/USD,$1.190128
2026-02-09 14:48:51,EUR/USD,$1.191441
2026-02-09 13:00:51,EUR/USD,$1.191046
2026-02-09 10:22:51,EUR/USD,$1.189790
2026-02-09 08:28:51,EUR/USD,$1.191076
2026-02-09 07:54:51,EUR/USD,$1.189667
2026-02-09 07:14:51,EUR/USD,$1.188384
2026-02-09 06:20:51,EUR/USD,$1.187154
2026-02-09 03:00:51,EUR/USD,$1.185873
2026-02-09 00:40:51,EUR/USD,$1.184393
2026-02-09 00:08:51,EUR/USD,$1.183090
2026-02-08 22:22:51,EUR/USD,$1.181867
2026-02-08 20:06:51,EUR/USD,$1.180667
2026-02-08 18:04:51,EUR/USD,$1.181938
2026-02-08 17:04:51,EUR/USD,$1.180408
2026-02-08 14:48:51,EUR/USD,$1.179161
2026-02-08 12:00:51,EUR/USD,$1.179139
2026-02-08 11:54:51,EUR/USD,$1.177895
2026-02-08 07:38:51,EUR/USD,$1.179307
2026-02-08 07:00:51,EUR/USD,$1.178010
2026-02-07 19:02:51,EUR/USD,$1.179362
2026-02-07 14:48:51,EUR/USD,$1.178068
2026-02-07 10:18:51,EUR/USD,$1.178276
2026-02-07 09:08:51,EUR/USD,$1.177027
2026-02-07 05:58:51,EUR/USD,$1.178302
2026-02-07 05:04:51,EUR/USD,$1.179502
2026-02-07 03:08:51,EUR/USD,$1.177994
2026-02-07 02:00:51,EUR/USD,$1.179239
2026-02-07 01:26:51,EUR/USD,$1.180422
2026-02-06 21:14:51,EUR/USD,$1.178919
2026-02-06 21:06:51,EUR/USD,$1.180124
2026-02-06 16:46:51,EUR/USD,$1.178926
2026-02-06 14:48:51,EUR/USD,$1.180183
2026-02-06 10:48:51,EUR/USD,$1.179691
2026-02-06 10:44:51,EUR/USD,$1.178381
2026-02-06 09:42:51,EUR/USD,$1.179825
2026-02-06 09:26:51,EUR/USD,$1.178184
2026-02-06 09:08:51,EUR/USD,$1.179364
2026-02-06 08:40:51,EUR/USD,$1.180950
2026-02-06 08:10:51,EUR/USD,$1.179706
2026-02-06 05:36:51,EUR/USD,$1.178449
2026-02-06 05:32:51,EUR/USD,$1.179972
2026-02-06 05:28:51,EUR/USD,$1.178596
2026-02-06 04:54:51,EUR/USD,$1.177417
2026-02-06 03:44:51,EUR/USD,$1.178821
2026-02-06 03:40:51,EUR/USD,$1.180245
2026-02-06 00:38:51,EUR/USD,$1.179044
2026-02-06 00:28:51,EUR/USD,$1.180356
2026-02-05 23:56:51,EUR/USD,$1.178927
2026-02-05 23:54:52,EUR/USD,$1.180783
2026-02-05 23:38:51,EUR/USD,$1.179040
2026-02-05 23:22:51,EUR/USD,$1.180452
2026-02-05 22:56:51,EUR/USD,$1.178853
2026-02-05 22:52:51,EUR/USD,$1.180072
2026-02-05 22:28:51,EUR/USD,$1.178302
2026-02-05 22:14:51,EUR/USD,$1.179603
2026-02-05 20:12:51,EUR/USD,$1.178259
2026-02-05 19:24:51,EUR/USD,$1.176974
2026-02-05 19:06:51,EUR/USD,$1.178207
2026-02-05 18:22:51,EUR/USD,$1.176180
2026-02-05 18:08:51,EUR/USD,$1.178338
2026-02-05 16:58:51,EUR/USD,$1.176929
2026-02-05 16:56:51,EUR/USD,$1.179172
2026-02-05 15:36:51,EUR/USD,$1.177169
2026-02-05 15:34:51,EUR/USD,$1.179077
2026-02-05 15:06:51,EUR/USD,$1.177374
2026-02-05 14:50:51,EUR/USD,$1.178770
2026-02-05 14:49:02,EUR/USD,$1.180124
2026-02-05 14:48:51,EUR/USD,$1.180124
2026-02-05 14:22:51,EUR/USD,$1.178011
2026-02-05 13:30:51,EUR/USD,$1.179908
2026-02-05 13:28:51,EUR/USD,$1.181701
2026-02-05 13:10:51,EUR/USD,$1.180456
2026-02-05 13:06:51,EUR/USD,$1.179267
2026-02-05 12:06:51,EUR/USD,$1.180508
2026-02-05 09:54:51,EUR/USD,$1.179049
2026-02-05 09:50:51,EUR/USD,$1.177832
2026-02-05 09:32:51,EUR/USD,$1.179321
2026-02-05 07:36:51,EUR/USD,$1.181080
2026-02-05 07:14:51,EUR/USD,$1.179760
2026-02-05 07:12:51,EUR/USD,$1.181233
2026-02-05 06:50:51,EUR/USD,$1.179815
2026-02-05 06:48:51,EUR/USD,$1.181379
2026-02-05 06:24:51,EUR/USD,$1.179261
2026-02-05 06:10:51,EUR/USD,$1.180796
2026-02-05 06:06:51,EUR/USD,$1.179164
2026-02-05 06:04:51,EUR/USD,$1.181206
2026-02-05 05:58:51,EUR/USD,$1.179038
2026-02-05 05:54:51,EUR/USD,$1.180442
2026-02-05 05:52:51,EUR/USD,$1.179232
2026-02-05 05:42:51,EUR/USD,$1.181039
2026-02-05 05:10:51,EUR/USD,$1.179824
2026-02-05 05:08:51,EUR/USD,$1.181163
2026-02-05 05:04:51,EUR/USD,$1.178995
2026-02-05 05:02:51,EUR/USD,$1.180656
2026-02-05 04:56:51,EUR/USD,$1.179047
2026-02-05 04:46:51,EUR/USD,$1.180228
2026-02-05 04:44:51,EUR/USD,$1.181998
2026-02-05 04:38:51,EUR/USD,$1.179683
2026-02-05 04:36:51,EUR/USD,$1.181746
2026-02-05 04:30:51,EUR/USD,$1.180410
2026-02-05 04:28:51,EUR/USD,$1.182221
2026-02-05 04:20:51,EUR/USD,$1.180141
2026-02-05 04:16:51,EUR/USD,$1.178867
2026-02-05 04:14:51,EUR/USD,$1.181337
2026-02-05 03:40:51,EUR/USD,$1.179478
2026-02-05 03:28:51,EUR/USD,$1.178233
2026-02-05 03:02:51,EUR/USD,$1.179490
2026-02-05 02:38:51,EUR/USD,$1.180696
2026-02-05 02:36:51,EUR/USD,$1.182936
2026-02-05 02:10:51,EUR/USD,$1.180590
2026-02-05 02:06:51,EUR/USD,$1.182574
2026-02-05 01:58:51,EUR/USD,$1.179643
2026-02-05 01:56:51,EUR/USD,$1.181023
2026-02-05 01:46:51,EUR/USD,$1.179532
2026-02-05 01:42:51,EUR/USD,$1.181334
2026-02-05 01:26:51,EUR/USD,$1.179734
2026-02-05 01:24:51,EUR/USD,$1.181321
2026-02-05 01:22:51,EUR/USD,$1.179361
2026-02-05 01:18:51,EUR/USD,$1.180868
2026-02-05 01:04:51,EUR/USD,$1.179556
2026-02-05 01:00:51,EUR/USD,$1.181231
2026-02-05 00:52:51,EUR/USD,$1.178934
2026-02-05 00:46:51,EUR/USD,$1.180417
2026-02-05 00:14:51,EUR/USD,$1.178775
2026-02-05 00:10:51,EUR/USD,$1.180185
2026-02-05 00:08:51,EUR/USD,$1.178739
2026-02-04 23:56:51,EUR/USD,$1.180579
2026-02-04 23:26:51,EUR/USD,$1.178358
2026-02-04 22:56:51,EUR/USD,$1.179541
2026-02-04 22:12:51,EUR/USD,$1.178213
2026-02-04 20:44:51,EUR/USD,$1.179517
2026-02-04 20:38:51,EUR/USD,$1.181704
2026-02-04 20:06:51,EUR/USD,$1.180027
2026-02-04 20:04:51,EUR/USD,$1.181849
2026-02-04 19:46:51,EUR/USD,$1.180418
2026-02-04 19:44:51,EUR/USD,$1.181605
2026-02-04 19:14:51,EUR/USD,$1.180301
2026-02-04 19:00:51,EUR/USD,$1.181868
2026-02-04 18:58:51,EUR/USD,$1.179958
2026-02-04 18:56:51,EUR/USD,$1.181778
2026-02-04 18:22:51,EUR/USD,$1.180110
2026-02-04 18:20:51,EUR/USD,$1.182613
2026-02-04 18:14:51,EUR/USD,$1.179892
2026-02-04 18:12:51,EUR/USD,$1.181457
2026-02-04 18:10:51,EUR/USD,$1.180205
2026-02-04 18:06:51,EUR/USD,$1.181448
2026-02-04 18:02:51,EUR/USD,$1.180126
2026-02-04 18:00:51,EUR/USD,$1.181549
2026-02-04 17:52:51,EUR/USD,$1.180351
2026-02-04 17:50:51,EUR/USD,$1.181986
2026-02-04 17:06:51,EUR/USD,$1.180511
2026-02-04 17:04:51,EUR/USD,$1.182431
2026-02-04 15:40:51,EUR/USD,$1.181137
2026-02-04 15:04:51,EUR/USD,$1.179901
2026-02-04 14:48:51,EUR/USD,$1.181138
2026-02-04 13:54:51,EUR/USD,$1.180874
2026-02-04 13:26:51,EUR/USD,$1.179245
2026-02-04 13:12:51,EUR/USD,$1.180513
2026-02-04 12:50:51,EUR/USD,$1.179221
2026-02-04 12:24:51,EUR/USD,$1.180453
2026-02-04 12:22:51,EUR/USD,$1.179237
2026-02-04 12:18:51,EUR/USD,$1.181250
2026-02-04 09:36:51,EUR/USD,$1.179972
2026-02-04 09:14:51,EUR/USD,$1.181184
2026-02-04 09:12:51,EUR/USD,$1.182698
2026-02-04 08:14:51,EUR/USD,$1.180710
2026-02-04 06:56:51,EUR/USD,$1.182040
2026-02-04 06:50:51,EUR/USD,$1.183289
2026-02-04 05:44:51,EUR/USD,$1.181871
2026-02-04 05:42:51,EUR/USD,$1.183061
2026-02-04 05:40:51,EUR/USD,$1.180897
2026-02-04 05:38:51,EUR/USD,$1.182420
2026-02-04 05:20:51,EUR/USD,$1.180272
2026-02-04 05:18:51,EUR/USD,$1.181718
2026-02-04 05:14:51,EUR/USD,$1.180322
2026-02-04 04:56:51,EUR/USD,$1.181651
2026-02-04 04:34:51,EUR/USD,$1.180319
2026-02-04 04:30:51,EUR/USD,$1.181791
2026-02-04 04:26:51,EUR/USD,$1.180467
2026-02-04 03:38:51,EUR/USD,$1.181710
2026-02-04 03:18:51,EUR/USD,$1.183180
2026-02-04 03:08:51,EUR/USD,$1.181895
2026-02-04 02:52:51,EUR/USD,$1.183272
2026-02-04 02:34:51,EUR/USD,$1.181988
2026-02-04 02:18:51,EUR/USD,$1.183479
2026-02-04 02:16:51,EUR/USD,$1.184831
2026-02-04 01:22:51,EUR/USD,$1.183116
2026-02-04 01:16:51,EUR/USD,$1.181852
2026-02-03 22:50:51,EUR/USD,$1.183522
2026-02-03 22:44:51,EUR/USD,$1.182230
2026-02-03 22:38:51,EUR/USD,$1.184673
2026-02-03 22:32:51,EUR/USD,$1.182443
2026-02-03 22:30:51,EUR/USD,$1.184126
2026-02-03 22:24:51,EUR/USD,$1.182384
2026-02-03 22:20:51,EUR/USD,$1.183857
2026-02-03 21:20:51,EUR/USD,$1.182295
2026-02-03 21:18:51,EUR/USD,$1.183493
2026-02-03 21:04:51,EUR/USD,$1.181933
2026-02-03 21:02:51,EUR/USD,$1.183716
2026-02-03 20:38:51,EUR/USD,$1.182230
2026-02-03 19:46:51,EUR/USD,$1.183427
2026-02-03 19:34:51,EUR/USD,$1.182051
2026-02-03 19:32:51,EUR/USD,$1.183728
2026-02-03 19:10:51,EUR/USD,$1.182057
2026-02-03 19:08:51,EUR/USD,$1.183335
2026-02-03 18:54:51,EUR/USD,$1.181999
2026-02-03 18:52:51,EUR/USD,$1.183904
2026-02-03 18:46:51,EUR/USD,$1.182026
2026-02-03 18:44:51,EUR/USD,$1.183761
2026-02-03 18:24:51,EUR/USD,$1.182567
2026-02-03 17:56:51,EUR/USD,$1.181223
2026-02-03 17:52:51,EUR/USD,$1.183144
2026-02-03 17:48:51,EUR/USD,$1.181314
2026-02-03 17:42:51,EUR/USD,$1.182638
2026-02-03 17:30:51,EUR/USD,$1.181056
2026-02-03 15:12:51,EUR/USD,$1.182302
2026-02-03 14:48:51,EUR/USD,$1.180556
2026-02-03 13:04:51,EUR/USD,$1.180557
2026-02-03 13:00:51,EUR/USD,$1.182174
2026-02-03 12:58:51,EUR/USD,$1.180769
2026-02-03 10:42:51,EUR/USD,$1.182017
2026-02-03 10:34:51,EUR/USD,$1.180757
2026-02-03 10:08:51,EUR/USD,$1.181984
2026-02-03 09:54:51,EUR/USD,$1.180801
2026-02-03 08:38:51,EUR/USD,$1.179495
2026-02-03 08:08:51,EUR/USD,$1.178142
2026-02-03 06:30:51,EUR/USD,$1.179545
2026-02-03 05:48:51,EUR/USD,$1.178283
2026-02-03 05:30:51,EUR/USD,$1.179495
2026-02-03 05:12:51,EUR/USD,$1.178245
2026-02-03 05:08:51,EUR/USD,$1.179502
2026-02-03 04:56:51,EUR/USD,$1.178183
2026-02-03 03:40:51,EUR/USD,$1.179601
2026-02-03 02:10:51,EUR/USD,$1.180877
2026-02-03 01:30:51,EUR/USD,$1.182079
2026-02-03 00:58:51,EUR/USD,$1.180745
2026-02-03 00:44:51,EUR/USD,$1.181968
2026-02-03 00:02:51,EUR/USD,$1.180402
2026-02-02 23:50:51,EUR/USD,$1.181780
2026-02-02 23:22:51,EUR/USD,$1.180137
2026-02-02 21:50:51,EUR/USD,$1.181352
2026-02-02 19:06:51,EUR/USD,$1.179882
2026-02-02 19:04:51,EUR/USD,$1.181388
2026-02-02 17:36:51,EUR/USD,$1.179663
2026-02-02 14:48:51,EUR/USD,$1.178261
2026-02-02 14:00:51,EUR/USD,$1.178515
2026-02-02 13:06:51,EUR/USD,$1.177335
2026-02-02 12:06:51,EUR/USD,$1.178541
2026-02-02 10:42:51,EUR/USD,$1.179872
2026-02-02 09:46:51,EUR/USD,$1.178596
2026-02-02 09:04:51,EUR/USD,$1.180460
2026-02-02 08:46:51,EUR/USD,$1.181889
2026-02-02 08:14:51,EUR/USD,$1.180664
2026-02-02 07:34:51,EUR/USD,$1.182160
2026-02-02 07:06:51,EUR/USD,$1.183923
2026-02-02 06:16:51,EUR/USD,$1.185205
2026-02-02 05:36:51,EUR/USD,$1.186842
2026-02-02 05:34:51,EUR/USD,$1.188199
2026-02-02 05:28:51,EUR/USD,$1.186448
2026-02-02 05:26:51,EUR/USD,$1.188170
2026-02-02 04:40:51,EUR/USD,$1.186379
2026-02-02 04:36:51,EUR/USD,$1.187915
2026-02-02 04:34:51,EUR/USD,$1.186305
2026-02-02 04:30:51,EUR/USD,$1.188257
2026-02-02 04:18:51,EUR/USD,$1.186921
2026-02-02 04:12:51,EUR/USD,$1.188193
2026-02-02 03:52:51,EUR/USD,$1.186961
2026-02-02 03:14:51,EUR/USD,$1.185680
2026-02-02 03:08:51,EUR/USD,$1.186942
2026-02-02 02:56:51,EUR/USD,$1.185471
2026-02-02 02:50:51,EUR/USD,$1.187096
2026-02-02 02:30:51,EUR/USD,$1.185872
2026-02-02 02:16:51,EUR/USD,$1.187457
2026-02-02 02:08:51,EUR/USD,$1.185886
2026-02-02 01:38:51,EUR/USD,$1.187348
2026-02-02 01:36:51,EUR/USD,$1.186105
2026-02-02 01:00:51,EUR/USD,$1.187339
2026-02-02 00:16:51,EUR/USD,$1.186119
2026-02-02 00:14:51,EUR/USD,$1.187644
2026-02-02 00:08:51,EUR/USD,$1.186275
2026-02-01 23:54:51,EUR/USD,$1.185004
2026-02-01 23:38:51,EUR/USD,$1.186561
2026-02-01 23:34:51,EUR/USD,$1.187996
2026-02-01 23:30:51,EUR/USD,$1.186551
2026-02-01 23:24:51,EUR/USD,$1.188704
2026-02-01 23:16:51,EUR/USD,$1.187244
2026-02-01 23:14:51,EUR/USD,$1.188444
2026-02-01 23:08:51,EUR/USD,$1.186524
2026-02-01 23:04:51,EUR/USD,$1.187830
2026-02-01 23:02:51,EUR/USD,$1.186640
2026-02-01 22:58:51,EUR/USD,$1.187911
2026-02-01 22:38:51,EUR/USD,$1.186532
2026-02-01 21:56:51,EUR/USD,$1.187802
2026-02-01 21:54:51,EUR/USD,$1.189434
2026-02-01 19:36:51,EUR/USD,$1.186806
2026-02-01 19:08:51,EUR/USD,$1.185589
2026-02-01 18:12:51,EUR/USD,$1.186852
2026-02-01 17:38:51,EUR/USD,$1.184943
2026-02-01 17:24:51,EUR/USD,$1.183664
2026-02-01 17:18:51,EUR/USD,$1.185161
2026-02-01 17:12:51,EUR/USD,$1.183770
2026-02-01 15:18:51,EUR/USD,$1.185154
2026-02-01 14:48:51,EUR/USD,$1.183926
2026-02-01 13:38:51,EUR/USD,$1.184400
2026-02-01 12:58:51,EUR/USD,$1.183093
2026-02-01 08:48:51,EUR/USD,$1.184291
2026-02-01 03:22:51,EUR/USD,$1.182863
2026-02-01 00:10:51,EUR/USD,$1.184052
2026-01-31 23:20:51,EUR/USD,$1.182765
2026-01-31 22:58:51,EUR/USD,$1.183949
2026-01-31 18:10:51,EUR/USD,$1.182355
2026-01-31 16:28:51,EUR/USD,$1.180803
2026-01-31 15:12:51,EUR/USD,$1.182088
2026-01-31 15:02:51,EUR/USD,$1.183383
2026-01-31 14:48:51,EUR/USD,$1.182080
2026-01-31 14:34:51,EUR/USD,$1.181886
2026-01-31 13:18:51,EUR/USD,$1.183111
2026-01-31 09:14:51,EUR/USD,$1.184427
2026-01-31 09:02:51,EUR/USD,$1.185661
2026-01-31 08:18:51,EUR/USD,$1.184327
2026-01-31 07:38:51,EUR/USD,$1.185585
2026-01-31 07:36:51,EUR/USD,$1.184357
2026-01-31 07:32:51,EUR/USD,$1.185862
2026-01-31 07:28:51,EUR/USD,$1.184391
2026-01-31 07:25:03,EUR/USD,$1.185934
2026-01-31 07:06:51,EUR/USD,$1.184524
2026-01-31 06:46:51,EUR/USD,$1.185844
2026-01-31 06:40:51,EUR/USD,$1.184622
2026-01-31 06:24:51,EUR/USD,$1.185937
2026-01-31 06:20:51,EUR/USD,$1.184577
2026-01-31 05:58:51,EUR/USD,$1.185792
2026-01-31 03:40:51,EUR/USD,$1.184481
2026-01-31 03:38:51,EUR/USD,$1.185783
2026-01-31 03:28:51,EUR/USD,$1.184579
2026-01-31 03:22:51,EUR/USD,$1.185931
2026-01-30 17:00:51,EUR/USD,$1.184553
2026-01-30 14:48:51,EUR/USD,$1.185785
2026-01-30 14:14:51,EUR/USD,$1.186079
2026-01-30 13:24:51,EUR/USD,$1.187286
2026-01-30 13:06:51,EUR/USD,$1.188838
2026-01-30 12:52:51,EUR/USD,$1.187337
2026-01-30 12:40:51,EUR/USD,$1.185364
2026-01-30 12:18:51,EUR/USD,$1.186574
2026-01-30 11:30:51,EUR/USD,$1.187851
2026-01-30 11:26:51,EUR/USD,$1.189314
2026-01-30 10:32:51,EUR/USD,$1.187662
2026-01-30 09:06:51,EUR/USD,$1.188964
2026-01-30 08:58:51,EUR/USD,$1.190167
2026-01-30 08:04:51,EUR/USD,$1.191510
2026-01-30 07:52:51,EUR/USD,$1.190133
2026-01-30 07:14:51,EUR/USD,$1.191361
2026-01-30 06:44:51,EUR/USD,$1.192664
2026-01-30 06:20:51,EUR/USD,$1.194348
2026-01-30 06:12:51,EUR/USD,$1.195605
2026-01-30 05:12:51,EUR/USD,$1.193610
2026-01-30 04:16:51,EUR/USD,$1.192253
2026-01-30 03:50:51,EUR/USD,$1.190563
2026-01-30 03:24:51,EUR/USD,$1.191868
2026-01-30 02:28:51,EUR/USD,$1.193163
2026-01-30 02:26:51,EUR/USD,$1.195007
2026-01-30 02:16:51,EUR/USD,$1.193770
2026-01-30 01:36:51,EUR/USD,$1.192282
2026-01-30 01:34:51,EUR/USD,$1.193668
2026-01-30 00:30:51,EUR/USD,$1.191846
2026-01-30 00:10:51,EUR/USD,$1.193162
2026-01-30 00:00:51,EUR/USD,$1.191790
2026-01-29 23:54:51,EUR/USD,$1.193020
2026-01-29 23:46:51,EUR/USD,$1.191429
2026-01-29 22:10:51,EUR/USD,$1.192808
2026-01-29 20:50:51,EUR/USD,$1.191439
2026-01-29 20:24:51,EUR/USD,$1.190071
2026-01-29 19:58:51,EUR/USD,$1.191756
2026-01-29 18:52:51,EUR/USD,$1.193021
2026-01-29 18:34:51,EUR/USD,$1.194295
2026-01-29 18:32:51,EUR/USD,$1.195636
2026-01-29 18:24:51,EUR/USD,$1.194242
2026-01-29 16:20:51,EUR/USD,$1.196159
2026-01-29 16:06:51,EUR/USD,$1.197408
2026-01-29 14:48:51,EUR/USD,$1.195902
2026-01-29 14:22:51,EUR/USD,$1.196202
2026-01-29 13:50:51,EUR/USD,$1.194864
2026-01-29 13:00:51,EUR/USD,$1.196081
2026-01-29 10:48:51,EUR/USD,$1.194881
2026-01-29 09:58:51,EUR/USD,$1.193604
2026-01-29 09:38:51,EUR/USD,$1.192003
2026-01-29 09:32:51,EUR/USD,$1.190580
2026-01-29 09:22:51,EUR/USD,$1.192122
2026-01-29 09:18:51,EUR/USD,$1.194246
2026-01-29 09:10:51,EUR/USD,$1.195576
2026-01-29 08:30:51,EUR/USD,$1.196910
2026-01-29 07:58:51,EUR/USD,$1.195687
2026-01-29 07:52:51,EUR/USD,$1.194390
2026-01-29 07:38:51,EUR/USD,$1.195727
2026-01-29 07:06:51,EUR/USD,$1.197098
2026-01-29 07:00:51,EUR/USD,$1.195728
2026-01-29 06:58:51,EUR/USD,$1.197303
2026-01-29 06:54:51,EUR/USD,$1.195493
2026-01-29 05:00:51,EUR/USD,$1.194078
2026-01-29 03:52:51,EUR/USD,$1.195504
2026-01-29 02:36:51,EUR/USD,$1.196933
2026-01-29 02:12:51,EUR/USD,$1.198132
2026-01-29 01:42:51,EUR/USD,$1.196689
2026-01-28 23:26:51,EUR/USD,$1.198034
2026-01-28 23:10:51,EUR/USD,$1.199320
2026-01-28 21:58:51,EUR/USD,$1.198116
2026-01-28 20:36:51,EUR/USD,$1.196767
2026-01-28 20:08:51,EUR/USD,$1.195468
2026-01-28 19:02:51,EUR/USD,$1.197000
2026-01-28 18:34:51,EUR/USD,$1.198309
2026-01-28 17:30:51,EUR/USD,$1.196847
2026-01-28 16:26:51,EUR/USD,$1.195616
2026-01-28 14:48:51,EUR/USD,$1.194398
2026-01-28 14:12:51,EUR/USD,$1.193809
2026-01-28 14:04:51,EUR/USD,$1.195112
2026-01-28 14:00:51,EUR/USD,$1.193788
2026-01-28 13:38:51,EUR/USD,$1.192487
2026-01-28 13:28:51,EUR/USD,$1.190558
2026-01-28 13:20:51,EUR/USD,$1.191838
2026-01-28 13:06:51,EUR/USD,$1.190643
2026-01-28 12:48:51,EUR/USD,$1.191878
2026-01-28 10:26:51,EUR/USD,$1.193209
2026-01-28 09:22:51,EUR/USD,$1.194618
2026-01-28 09:10:51,EUR/USD,$1.193341
2026-01-28 08:56:51,EUR/USD,$1.196220
2026-01-28 08:46:51,EUR/USD,$1.197448
2026-01-28 07:22:51,EUR/USD,$1.196207
2026-01-28 05:52:51,EUR/USD,$1.197784
2026-01-28 05:38:51,EUR/USD,$1.196311
2026-01-28 05:08:51,EUR/USD,$1.197804
2026-01-28 04:44:51,EUR/USD,$1.199030
2026-01-28 04:28:51,EUR/USD,$1.197569
2026-01-28 03:36:51,EUR/USD,$1.198966
2026-01-28 02:48:51,EUR/USD,$1.197753
2026-01-28 02:14:51,EUR/USD,$1.199307
2026-01-28 02:10:51,EUR/USD,$1.200646
2026-01-28 01:40:51,EUR/USD,$1.199246
2026-01-28 01:30:51,EUR/USD,$1.200518
2026-01-28 01:18:51,EUR/USD,$1.202035
2026-01-28 01:14:51,EUR/USD,$1.200804
2026-01-27 23:52:51,EUR/USD,$1.199373
2026-01-27 23:50:51,EUR/USD,$1.200613
2026-01-27 23:04:51,EUR/USD,$1.198301
2026-01-27 19:36:51,EUR/USD,$1.199903
2026-01-27 18:08:51,EUR/USD,$1.201198
2026-01-27 17:28:51,EUR/USD,$1.202494
2026-01-27 16:12:51,EUR/USD,$1.203788
2026-01-27 15:52:51,EUR/USD,$1.205129
2026-01-27 15:50:51,EUR/USD,$1.203902
2026-01-27 15:46:51,EUR/USD,$1.205519
2026-01-27 15:00:51,EUR/USD,$1.203881
2026-01-27 14:56:51,EUR/USD,$1.205576
2026-01-27 14:52:51,EUR/USD,$1.204106
2026-01-27 14:50:51,EUR/USD,$1.200815
2026-01-27 14:48:51,EUR/USD,$1.198499
2026-01-27 14:18:51,EUR/USD,$1.199148
2026-01-27 14:02:51,EUR/USD,$1.197595
2026-01-27 14:00:51,EUR/USD,$1.199049
2026-01-27 13:20:51,EUR/USD,$1.197312
2026-01-27 13:14:51,EUR/USD,$1.198828
2026-01-27 12:48:51,EUR/USD,$1.197507
2026-01-27 12:44:51,EUR/USD,$1.198915
2026-01-27 12:14:51,EUR/USD,$1.197628
2026-01-27 12:10:51,EUR/USD,$1.199230
2026-01-27 11:48:51,EUR/USD,$1.197827
2026-01-27 11:26:51,EUR/USD,$1.196431
2026-01-27 10:54:51,EUR/USD,$1.197821
2026-01-27 10:42:51,EUR/USD,$1.199099
2026-01-27 10:12:51,EUR/USD,$1.197322
2026-01-27 09:34:51,EUR/USD,$1.195796
2026-01-27 09:18:51,EUR/USD,$1.197294
2026-01-27 09:06:51,EUR/USD,$1.195740
2026-01-27 08:48:51,EUR/USD,$1.194316
2026-01-27 08:38:51,EUR/USD,$1.195673
2026-01-27 07:48:51,EUR/USD,$1.193074
2026-01-27 07:42:51,EUR/USD,$1.194411
2026-01-27 07:10:51,EUR/USD,$1.193194
2026-01-27 07:04:51,EUR/USD,$1.194812
2026-01-27 06:56:51,EUR/USD,$1.192588
2026-01-27 06:50:51,EUR/USD,$1.193799
2026-01-27 06:32:51,EUR/USD,$1.192501
2026-01-27 06:26:51,EUR/USD,$1.191246
2026-01-27 05:54:51,EUR/USD,$1.189899
2026-01-27 05:26:51,EUR/USD,$1.188209
2026-01-27 04:44:51,EUR/USD,$1.189404
2026-01-27 04:38:51,EUR/USD,$1.188055
2026-01-27 04:36:51,EUR/USD,$1.189647
2026-01-27 03:56:51,EUR/USD,$1.188199
2026-01-27 03:14:51,EUR/USD,$1.186935
2026-01-27 02:24:51,EUR/USD,$1.185693
2026-01-27 01:48:51,EUR/USD,$1.187295
2026-01-27 01:44:51,EUR/USD,$1.188545
2026-01-27 01:38:51,EUR/USD,$1.187347
2026-01-27 01:34:51,EUR/USD,$1.188539
2026-01-27 01:28:51,EUR/USD,$1.187189
2026-01-27 01:26:51,EUR/USD,$1.189141
2026-01-27 01:10:51,EUR/USD,$1.186998
2026-01-26 23:06:51,EUR/USD,$1.188389
2026-01-26 22:42:51,EUR/USD,$1.187079
2026-01-26 21:14:51,EUR/USD,$1.188330
2026-01-26 20:20:51,EUR/USD,$1.189968
2026-01-26 20:14:51,EUR/USD,$1.187943
2026-01-26 20:12:51,EUR/USD,$1.190480
2026-01-26 18:48:51,EUR/USD,$1.187933
2026-01-26 18:12:51,EUR/USD,$1.189129
2026-01-26 17:48:51,EUR/USD,$1.187515
2026-01-26 16:18:51,EUR/USD,$1.188780
2026-01-26 16:16:51,EUR/USD,$1.190073
2026-01-26 14:48:51,EUR/USD,$1.188297
2026-01-26 14:06:51,EUR/USD,$1.188661
2026-01-26 13:14:51,EUR/USD,$1.187386
2026-01-26 11:30:51,EUR/USD,$1.188657
2026-01-26 11:22:51,EUR/USD,$1.190297
2026-01-26 09:50:51,EUR/USD,$1.188978
2026-01-26 08:24:51,EUR/USD,$1.187745
2026-01-26 07:58:51,EUR/USD,$1.186472
2026-01-26 07:44:51,EUR/USD,$1.185237
2026-01-26 07:04:51,EUR/USD,$1.184021
2026-01-26 05:12:51,EUR/USD,$1.185472
2026-01-26 03:30:51,EUR/USD,$1.186871
2026-01-26 02:34:51,EUR/USD,$1.185506
2026-01-26 01:54:51,EUR/USD,$1.184136
2026-01-26 01:00:51,EUR/USD,$1.185541
2026-01-26 00:36:51,EUR/USD,$1.186822
2026-01-26 00:10:51,EUR/USD,$1.185591
2026-01-25 23:24:51,EUR/USD,$1.186898
2026-01-25 22:08:51,EUR/USD,$1.185640
2026-01-25 20:48:51,EUR/USD,$1.186912
2026-01-25 20:44:51,EUR/USD,$1.188170
2026-01-25 19:00:51,EUR/USD,$1.186279
2026-01-25 18:06:51,EUR/USD,$1.184884
2026-01-25 17:40:51,EUR/USD,$1.186138
2026-01-25 17:26:51,EUR/USD,$1.187350
2026-01-25 16:56:51,EUR/USD,$1.188578
2026-01-25 16:36:51,EUR/USD,$1.187187
2026-01-25 14:48:51,EUR/USD,$1.185533
2026-01-25 14:20:51,EUR/USD,$1.185192
2026-01-25 11:54:51,EUR/USD,$1.183857
2026-01-25 10:36:51,EUR/USD,$1.182667
2026-01-25 10:18:51,EUR/USD,$1.183853
2026-01-25 09:24:51,EUR/USD,$1.182664
2026-01-25 09:18:51,EUR/USD,$1.184059
2026-01-25 09:08:51,EUR/USD,$1.182676
2026-01-25 09:04:51,EUR/USD,$1.184028
2026-01-25 08:42:51,EUR/USD,$1.182642
2026-01-25 08:18:51,EUR/USD,$1.183949
2026-01-25 07:58:51,EUR/USD,$1.182764
2026-01-25 07:56:51,EUR/USD,$1.183952
2026-01-25 06:44:51,EUR/USD,$1.182736
2026-01-25 06:40:51,EUR/USD,$1.184289
2026-01-25 02:54:51,EUR/USD,$1.183053
2026-01-24 20:18:51,EUR/USD,$1.181859
2026-01-24 19:28:51,EUR/USD,$1.183050
2026-01-24 14:48:51,EUR/USD,$1.181868
2026-01-23 15:26:51,EUR/USD,$1.182685
2026-01-23 14:48:51,EUR/USD,$1.181445
2026-01-23 14:24:51,EUR/USD,$1.182330
2026-01-23 13:58:51,EUR/USD,$1.180985
2026-01-23 13:12:51,EUR/USD,$1.179555
2026-01-23 12:10:51,EUR/USD,$1.178337
2026-01-23 11:52:51,EUR/USD,$1.179526
2026-01-23 11:18:51,EUR/USD,$1.178280
2026-01-23 10:48:51,EUR/USD,$1.177099
2026-01-23 09:04:51,EUR/USD,$1.175558
2026-01-23 08:48:52,EUR/USD,$1.174022
2026-01-23 08:42:51,EUR/USD,$1.175240
2026-01-23 00:52:51,EUR/USD,$1.174046
2026-01-22 17:54:51,EUR/USD,$1.175226
2026-01-22 17:04:51,EUR/USD,$1.176443
2026-01-22 14:48:51,EUR/USD,$1.174904
2026-01-22 12:28:51,EUR/USD,$1.174848
2026-01-22 10:12:51,EUR/USD,$1.173616
2026-01-22 08:42:51,EUR/USD,$1.172344
2026-01-22 07:34:51,EUR/USD,$1.170863
2026-01-22 07:24:51,EUR/USD,$1.172078
2026-01-22 06:00:51,EUR/USD,$1.170800
2026-01-22 01:52:51,EUR/USD,$1.169533
2026-01-22 01:16:51,EUR/USD,$1.168246
2026-01-22 00:42:51,EUR/USD,$1.169461
2026-01-21 23:52:51,EUR/USD,$1.168265
2026-01-21 22:22:51,EUR/USD,$1.169478
2026-01-21 18:36:51,EUR/USD,$1.168289
2026-01-21 17:34:51,EUR/USD,$1.166986
2026-01-21 14:48:51,EUR/USD,$1.168328
2026-01-21 13:34:51,EUR/USD,$1.168390
2026-01-21 09:24:51,EUR/USD,$1.169932
2026-01-21 08:16:52,EUR/USD,$1.171760
2026-01-21 06:36:51,EUR/USD,$1.173272
2026-01-21 05:36:51,EUR/USD,$1.171742
2026-01-21 05:16:51,EUR/USD,$1.170322
2026-01-21 05:04:51,EUR/USD,$1.171656
2026-01-21 04:20:51,EUR/USD,$1.170417
2026-01-21 04:18:51,EUR/USD,$1.171593
2026-01-21 03:58:51,EUR/USD,$1.170233
2026-01-21 01:14:51,EUR/USD,$1.171511
2026-01-21 00:20:51,EUR/USD,$1.172810
2026-01-20 23:52:51,EUR/USD,$1.171230
2026-01-20 14:48:51,EUR/USD,$1.172408
2026-01-20 13:42:51,EUR/USD,$1.171975
2026-01-20 09:38:51,EUR/USD,$1.173169
2026-01-20 09:00:51,EUR/USD,$1.171684
2026-01-20 08:06:51,EUR/USD,$1.172859
2026-01-20 07:52:51,EUR/USD,$1.174117
2026-01-20 06:52:51,EUR/USD,$1.172874
2026-01-20 06:24:51,EUR/USD,$1.174349
2026-01-20 04:48:51,EUR/USD,$1.173021
2026-01-20 04:18:51,EUR/USD,$1.171823
2026-01-20 03:40:51,EUR/USD,$1.173013
2026-01-20 02:54:51,EUR/USD,$1.171704
2026-01-20 02:34:51,EUR/USD,$1.170422
2026-01-20 01:40:51,EUR/USD,$1.168934
2026-01-20 01:26:51,EUR/USD,$1.167696
2026-01-19 22:58:51,EUR/USD,$1.166418
2026-01-19 21:28:51,EUR/USD,$1.165218
2026-01-19 14:48:51,EUR/USD,$1.164000
2026-01-19 10:14:51,EUR/USD,$1.163922
2026-01-19 04:20:51,EUR/USD,$1.162632
2026-01-19 03:20:51,EUR/USD,$1.161455
2026-01-18 22:28:51,EUR/USD,$1.162653
2026-01-18 20:24:51,EUR/USD,$1.161370
2026-01-18 18:36:51,EUR/USD,$1.162684
2026-01-18 17:36:51,EUR/USD,$1.161144
2026-01-18 17:08:51,EUR/USD,$1.159868
2026-01-18 16:22:51,EUR/USD,$1.157917
2026-01-18 14:48:51,EUR/USD,$1.159205
2026-01-18 13:30:51,EUR/USD,$1.159582
2026-01-17 14:48:51,EUR/USD,$1.158337
2026-01-17 13:08:51,EUR/USD,$1.158442
2026-01-16 14:48:51,EUR/USD,$1.159644
2026-01-16 14:36:51,EUR/USD,$1.159789
2026-01-16 12:16:51,EUR/USD,$1.158618
2026-01-16 10:10:51,EUR/USD,$1.159803
2026-01-16 09:44:51,EUR/USD,$1.158610
2026-01-16 09:26:51,EUR/USD,$1.160485
2026-01-16 09:00:51,EUR/USD,$1.161703
2026-01-16 07:22:51,EUR/USD,$1.160533
2026-01-16 05:18:51,EUR/USD,$1.161864
2026-01-15 14:48:51,EUR/USD,$1.160391
2026-01-15 07:40:51,EUR/USD,$1.160464
2026-01-15 07:00:51,EUR/USD,$1.161655
2026-01-15 02:32:51,EUR/USD,$1.162842
2026-01-15 01:32:51,EUR/USD,$1.161585
2026-01-14 19:26:51,EUR/USD,$1.162762
2026-01-14 14:48:51,EUR/USD,$1.164174
2026-01-14 12:48:51,EUR/USD,$1.163518
2026-01-13 14:50:51,EUR/USD,$1.164781
2026-01-13 11:44:11,EUR/USD,$1.164736
2026-01-13 10:22:11,EUR/USD,$1.163564
2026-01-13 09:36:11,EUR/USD,$1.164374
2026-01-13 09:14:11,EUR/USD,$1.165608
2026-01-13 07:36:11,EUR/USD,$1.166860
2026-01-13 06:58:11,EUR/USD,$1.165660
2026-01-13 03:24:11,EUR/USD,$1.166856
2026-01-13 00:14:11,EUR/USD,$1.165637
2026-01-12 22:40:11,EUR/USD,$1.167130
2026-01-12 21:36:11,EUR/USD,$1.165914
2026-01-12 21:34:11,EUR/USD,$1.157903
2026-01-12 14:56:11,EUR/USD,$1.166539
2026-01-12 10:22:11,EUR/USD,$1.167743
2026-01-12 08:32:11,EUR/USD,$1.167597
2026-01-12 06:36:11,EUR/USD,$1.168871
2026-01-12 06:02:11,EUR/USD,$1.167584
2026-01-12 02:52:11,EUR/USD,$1.168774
2026-01-11 23:48:11,EUR/USD,$1.167594
2026-01-11 18:58:11,EUR/USD,$1.166396
2026-01-11 18:40:11,EUR/USD,$1.165195
2026-01-11 18:38:11,EUR/USD,$1.162565
2026-01-11 18:36:11,EUR/USD,$1.164651
2026-01-11 18:10:11,EUR/USD,$1.163231
2026-01-11 18:06:11,EUR/USD,$1.162053
2026-01-11 10:22:11,EUR/USD,$1.163224
2026-01-11 03:42:11,EUR/USD,$1.163579
2026-01-10 10:22:11,EUR/USD,$1.162393
2026-01-09 10:22:11,EUR/USD,$1.163350
2026-01-09 09:40:11,EUR/USD,$1.163518
2026-01-09 09:14:11,EUR/USD,$1.162171
2026-01-09 08:44:11,EUR/USD,$1.163530
2026-01-08 19:48:11,EUR/USD,$1.164728
2026-01-08 16:04:11,EUR/USD,$1.165969
2026-01-08 15:04:11,EUR/USD,$1.164725
2026-01-08 15:02:11,EUR/USD,$1.167128
2026-01-08 11:34:11,EUR/USD,$1.164510
2026-01-08 10:22:11,EUR/USD,$1.165773
2026-01-08 07:52:11,EUR/USD,$1.165921
2026-01-08 06:06:11,EUR/USD,$1.167163
2026-01-08 04:10:11,EUR/USD,$1.168387
2026-01-08 02:38:11,EUR/USD,$1.167032
2026-01-08 00:16:11,EUR/USD,$1.168256
2026-01-07 20:22:11,EUR/USD,$1.166929
2026-01-07 10:22:11,EUR/USD,$1.168147
2026-01-07 09:20:11,EUR/USD,$1.168244
2026-01-07 08:52:11,EUR/USD,$1.169653
2026-01-07 04:12:11,EUR/USD,$1.168379
2026-01-07 02:16:11,EUR/USD,$1.167180
2026-01-06 23:10:11,EUR/USD,$1.168576
2026-01-06 20:16:11,EUR/USD,$1.169842
2026-01-06 13:06:11,EUR/USD,$1.168670
2026-01-06 12:02:11,EUR/USD,$1.169869
2026-01-06 10:22:11,EUR/USD,$1.168678
2026-01-06 09:28:11,EUR/USD,$1.168500
2026-01-06 08:32:11,EUR/USD,$1.169732
2026-01-06 07:38:11,EUR/USD,$1.170956
2026-01-06 06:32:12,EUR/USD,$1.169384
2026-01-06 06:12:11,EUR/USD,$1.170582
2026-01-06 05:18:11,EUR/USD,$1.169408
2026-01-06 03:18:11,EUR/USD,$1.170818
2026-01-05 20:54:11,EUR/USD,$1.172732
2026-01-05 19:48:11,EUR/USD,$1.171419
2026-01-05 19:46:11,EUR/USD,$1.170158
2026-01-05 18:20:11,EUR/USD,$1.171334
2026-01-05 18:18:11,EUR/USD,$1.169965
2026-01-05 11:24:11,EUR/USD,$1.171300
2026-01-05 10:22:11,EUR/USD,$1.169735
2026-01-05 10:08:11,EUR/USD,$1.169805
2026-01-05 09:08:11,EUR/USD,$1.168508
2026-01-05 08:12:11,EUR/USD,$1.167049
2026-01-05 07:12:11,EUR/USD,$1.165879
2026-01-05 02:56:11,EUR/USD,$1.167504
2026-01-05 00:48:11,EUR/USD,$1.168769
2026-01-04 21:24:11,EUR/USD,$1.167567
2026-01-04 20:38:11,EUR/USD,$1.168754
2026-01-04 17:08:11,EUR/USD,$1.169928
2026-01-04 10:22:11,EUR/USD,$1.171132
2026-01-04 10:14:11,EUR/USD,$1.171193
2026-01-04 04:32:11,EUR/USD,$1.169964
2026-01-03 10:22:11,EUR/USD,$1.171203
2026-01-03 00:30:11,EUR/USD,$1.170947
2026-01-02 12:30:11,EUR/USD,$1.172132
2026-01-02 10:22:11,EUR/USD,$1.173579
2026-01-02 09:58:11,EUR/USD,$1.174263
2026-01-02 08:54:11,EUR/USD,$1.172793
2026-01-02 04:24:11,EUR/USD,$1.171537
2026-01-02 02:22:11,EUR/USD,$1.172800
2026-01-02 00:32:11,EUR/USD,$1.174210
2026-01-01 22:38:11,EUR/USD,$1.175554
2026-01-01 20:24:11,EUR/USD,$1.176849
2026-01-01 18:16:11,EUR/USD,$1.175350
2026-01-01 11:18:11,EUR/USD,$1.174140
2026-01-01 10:58:11,EUR/USD,$1.175584
2026-01-01 10:54:11,EUR/USD,$1.174339
2026-01-01 10:52:11,EUR/USD,$1.175538
2026-01-01 10:50:11,EUR/USD,$1.174067
2026-01-01 10:42:11,EUR/USD,$1.175249
2026-01-01 10:38:11,EUR/USD,$1.174055
2026-01-01 10:28:11,EUR/USD,$1.175360
2026-01-01 10:22:11,EUR/USD,$1.174039
2026-01-01 08:32:11,EUR/USD,$1.174093
2026-01-01 08:20:11,EUR/USD,$1.175402
2026-01-01 08:18:11,EUR/USD,$1.177120
2026-01-01 06:40:11,EUR/USD,$1.174988
2026-01-01 06:36:11,EUR/USD,$1.177075
2026-01-01 06:20:11,EUR/USD,$1.174681
2026-01-01 06:18:11,EUR/USD,$1.177704
2026-01-01 01:32:11,EUR/USD,$1.175107
2026-01-01 01:28:11,EUR/USD,$1.177123
2025-12-31 21:22:11,EUR/USD,$1.175633
2025-12-31 21:16:11,EUR/USD,$1.177171
2025-12-31 21:14:11,EUR/USD,$1.175624
2025-12-31 21:08:11,EUR/USD,$1.177173
2025-12-31 20:04:11,EUR/USD,$1.175814
2025-12-31 19:42:11,EUR/USD,$1.177535
2025-12-31 19:02:11,EUR/USD,$1.176258
2025-12-31 17:24:11,EUR/USD,$1.174649
2025-12-31 17:08:11,EUR/USD,$1.175872
2025-12-31 16:56:11,EUR/USD,$1.177132
2025-12-31 16:48:11,EUR/USD,$1.175711
2025-12-31 16:44:11,EUR/USD,$1.179484
2025-12-31 14:54:11,EUR/USD,$1.174892
2025-12-31 14:52:11,EUR/USD,$1.176390
2025-12-31 11:26:11,EUR/USD,$1.173979
2025-12-31 11:24:11,EUR/USD,$1.175231
2025-12-31 10:48:11,EUR/USD,$1.173404
2025-12-31 10:22:11,EUR/USD,$1.174686
2025-12-31 09:34:11,EUR/USD,$1.174174
2025-12-31 09:24:11,EUR/USD,$1.172859
2025-12-31 09:22:11,EUR/USD,$1.175349
2025-12-31 09:04:11,EUR/USD,$1.173334
2025-12-31 07:52:11,EUR/USD,$1.174580
2025-12-31 07:48:11,EUR/USD,$1.176182
2025-12-31 07:36:11,EUR/USD,$1.174752
2025-12-31 07:16:11,EUR/USD,$1.175999
2025-12-31 05:40:11,EUR/USD,$1.174784
2025-12-30 23:00:11,EUR/USD,$1.173426
2025-12-30 14:10:11,EUR/USD,$1.174601
2025-12-30 10:22:11,EUR/USD,$1.175795
2025-12-30 09:38:11,EUR/USD,$1.174782
2025-12-30 05:58:11,EUR/USD,$1.176171
2025-12-29 14:12:11,EUR/USD,$1.177519
2025-12-29 13:44:11,EUR/USD,$1.176329
2025-12-29 11:58:11,EUR/USD,$1.175096
2025-12-29 10:22:11,EUR/USD,$1.176320
2025-12-29 10:02:11,EUR/USD,$1.176927
2025-12-29 09:12:11,EUR/USD,$1.178109
2025-12-29 09:06:11,EUR/USD,$1.179373
2025-12-29 08:12:11,EUR/USD,$1.177874
2025-12-29 06:18:11,EUR/USD,$1.176032
2025-12-29 05:10:11,EUR/USD,$1.177286
2025-12-29 04:06:11,EUR/USD,$1.178521
2025-12-29 04:04:11,EUR/USD,$1.179775
2025-12-29 04:02:11,EUR/USD,$1.178397
2025-12-29 03:56:11,EUR/USD,$1.180489
2025-12-29 01:36:11,EUR/USD,$1.179195
2025-12-29 00:24:11,EUR/USD,$1.177944
2025-12-29 00:20:11,EUR/USD,$1.176435
2025-12-29 00:06:11,EUR/USD,$1.178109
2025-12-28 23:58:11,EUR/USD,$1.176167
2025-12-28 23:52:11,EUR/USD,$1.177852
2025-12-28 23:44:11,EUR/USD,$1.176646
2025-12-28 23:38:11,EUR/USD,$1.178042
2025-12-28 23:30:11,EUR/USD,$1.176699
2025-12-28 22:56:11,EUR/USD,$1.177990
2025-12-28 22:52:11,EUR/USD,$1.179292
2025-12-28 22:50:11,EUR/USD,$1.177182
2025-12-28 22:48:11,EUR/USD,$1.179267
2025-12-28 22:34:11,EUR/USD,$1.177410
2025-12-28 18:42:12,EUR/USD,$1.178873
2025-12-28 16:10:11,EUR/USD,$1.177631
2025-12-28 10:22:11,EUR/USD,$1.178828
2025-12-28 07:26:11,EUR/USD,$1.179234
2025-12-28 07:20:11,EUR/USD,$1.180529
2025-12-28 05:12:11,EUR/USD,$1.178866
2025-12-27 10:22:11,EUR/USD,$1.177504
2025-12-27 03:54:11,EUR/USD,$1.177082
2025-12-27 03:50:11,EUR/USD,$1.178624
2025-12-27 02:50:11,EUR/USD,$1.176975
2025-12-27 02:46:11,EUR/USD,$1.178461
2025-12-26 10:22:11,EUR/USD,$1.176985
2025-12-26 10:14:11,EUR/USD,$1.177193
2025-12-26 08:52:11,EUR/USD,$1.178419
2025-12-26 07:46:11,EUR/USD,$1.179628
2025-12-26 00:50:11,EUR/USD,$1.178242
2025-12-25 23:56:11,EUR/USD,$1.179606
2025-12-25 22:22:11,EUR/USD,$1.178304
2025-12-25 20:46:11,EUR/USD,$1.179688
2025-12-25 10:22:11,EUR/USD,$1.178334
2025-12-25 04:36:11,EUR/USD,$1.178818
2025-12-24 10:22:11,EUR/USD,$1.177628
2025-12-24 08:58:11,EUR/USD,$1.177777
2025-12-24 05:56:11,EUR/USD,$1.179088
2025-12-24 05:22:11,EUR/USD,$1.180318
2025-12-24 02:50:11,EUR/USD,$1.179052
2025-12-24 02:22:11,EUR/USD,$1.177805
2025-12-24 01:34:11,EUR/USD,$1.179045
2025-12-24 00:10:11,EUR/USD,$1.180232
2025-12-23 21:42:11,EUR/USD,$1.178926
2025-12-23 19:36:11,EUR/USD,$1.180126
2025-12-23 14:36:11,EUR/USD,$1.178935
2025-12-23 10:22:11,EUR/USD,$1.177753
2025-12-23 08:26:11,EUR/USD,$1.177128
2025-12-23 07:34:12,EUR/USD,$1.178344
2025-12-23 04:56:11,EUR/USD,$1.179664
2025-12-23 03:16:11,EUR/USD,$1.178481
2025-12-22 19:44:11,EUR/USD,$1.177239
2025-12-22 11:36:11,EUR/USD,$1.176045
2025-12-22 10:56:11,EUR/USD,$1.174800
2025-12-22 10:22:11,EUR/USD,$1.176069
2025-12-22 09:56:11,EUR/USD,$1.176394
2025-12-22 07:58:11,EUR/USD,$1.175084
2025-12-22 04:22:11,EUR/USD,$1.173896
2025-12-22 01:52:11,EUR/USD,$1.172634
2025-12-21 10:22:11,EUR/USD,$1.171336
2025-12-21 03:04:11,EUR/USD,$1.170795
2025-12-21 03:00:11,EUR/USD,$1.172126
2025-12-20 22:54:11,EUR/USD,$1.170746
2025-12-20 22:52:11,EUR/USD,$1.172367
2025-12-20 16:06:11,EUR/USD,$1.170991
2025-12-20 16:04:11,EUR/USD,$1.172402
2025-12-20 12:10:11,EUR/USD,$1.170889
2025-12-20 12:08:11,EUR/USD,$1.172396
2025-12-20 10:22:11,EUR/USD,$1.171140
2025-12-20 06:32:11,EUR/USD,$1.170854
2025-12-20 06:28:11,EUR/USD,$1.172271
2025-12-20 05:44:11,EUR/USD,$1.170738
2025-12-20 05:30:11,EUR/USD,$1.171918
2025-12-20 05:28:11,EUR/USD,$1.170710
2025-12-20 05:22:11,EUR/USD,$1.171899
2025-12-20 05:20:11,EUR/USD,$1.170715
2025-12-20 05:18:11,EUR/USD,$1.172479
2025-12-20 04:48:11,EUR/USD,$1.170513
2025-12-20 04:24:11,EUR/USD,$1.171874
2025-12-20 03:36:11,EUR/USD,$1.170556
2025-12-20 03:04:11,EUR/USD,$1.171861
2025-12-20 02:44:11,EUR/USD,$1.170662
2025-12-20 02:42:11,EUR/USD,$1.172414
2025-12-20 01:54:11,EUR/USD,$1.171057
2025-12-20 01:48:11,EUR/USD,$1.172536
2025-12-20 00:28:11,EUR/USD,$1.171262
2025-12-19 23:44:11,EUR/USD,$1.172495
2025-12-19 19:56:11,EUR/USD,$1.171115
2025-12-19 19:46:11,EUR/USD,$1.172784
2025-12-19 16:24:11,EUR/USD,$1.170963
2025-12-19 10:22:11,EUR/USD,$1.172139
2025-12-19 08:06:11,EUR/USD,$1.172672
2025-12-19 05:14:11,EUR/USD,$1.171294
2025-12-19 05:08:11,EUR/USD,$1.172540
2025-12-19 03:44:11,EUR/USD,$1.170915
2025-12-19 02:42:11,EUR/USD,$1.172173
2025-12-19 02:12:11,EUR/USD,$1.170881
2025-12-19 02:10:11,EUR/USD,$1.172740
2025-12-19 02:02:11,EUR/USD,$1.170515
2025-12-18 22:26:11,EUR/USD,$1.171719
2025-12-18 17:28:11,EUR/USD,$1.172988
2025-12-18 17:26:11,EUR/USD,$1.174243
2025-12-18 17:00:11,EUR/USD,$1.172378
2025-12-18 16:58:11,EUR/USD,$1.173857
2025-12-18 14:04:11,EUR/USD,$1.172321
2025-12-18 14:02:11,EUR/USD,$1.174168
2025-12-18 13:58:11,EUR/USD,$1.172285
2025-12-18 13:54:11,EUR/USD,$1.174103
2025-12-18 11:22:11,EUR/USD,$1.172247
2025-12-18 10:52:11,EUR/USD,$1.173442
2025-12-18 10:22:11,EUR/USD,$1.174706
2025-12-18 10:08:11,EUR/USD,$1.174126
2025-12-18 09:38:11,EUR/USD,$1.172567
2025-12-18 08:46:11,EUR/USD,$1.173749
2025-12-18 07:54:11,EUR/USD,$1.175145
2025-12-18 07:20:11,EUR/USD,$1.173439
2025-12-18 06:10:11,EUR/USD,$1.172073
2025-12-18 05:08:11,EUR/USD,$1.173321
2025-12-18 03:22:11,EUR/USD,$1.172104
2025-12-18 02:12:11,EUR/USD,$1.173518
2025-12-18 00:52:11,EUR/USD,$1.174705
2025-12-18 00:46:11,EUR/USD,$1.175929
2025-12-18 00:42:11,EUR/USD,$1.174457
2025-12-18 00:40:11,EUR/USD,$1.175646
2025-12-17 20:06:11,EUR/USD,$1.174327
2025-12-17 20:04:11,EUR/USD,$1.175751
2025-12-17 19:56:11,EUR/USD,$1.174515
2025-12-17 19:48:11,EUR/USD,$1.175815
2025-12-17 19:40:11,EUR/USD,$1.174079
2025-12-17 19:32:11,EUR/USD,$1.175526
2025-12-17 18:48:11,EUR/USD,$1.174250
2025-12-17 18:14:12,EUR/USD,$1.175588
2025-12-17 16:30:11,EUR/USD,$1.174268
2025-12-17 16:28:11,EUR/USD,$1.175509
2025-12-17 13:38:11,EUR/USD,$1.174201
2025-12-17 13:06:11,EUR/USD,$1.175515
2025-12-17 13:04:11,EUR/USD,$1.174212
2025-12-17 10:22:11,EUR/USD,$1.175414
2025-12-17 09:38:11,EUR/USD,$1.175569
2025-12-17 09:08:11,EUR/USD,$1.174252
2025-12-17 09:06:11,EUR/USD,$1.176210
2025-12-17 08:54:11,EUR/USD,$1.174196
2025-12-17 07:58:11,EUR/USD,$1.172965
2025-12-17 07:54:11,EUR/USD,$1.174230
2025-12-17 07:32:11,EUR/USD,$1.172441
2025-12-17 07:28:11,EUR/USD,$1.174730
2025-12-17 07:04:11,EUR/USD,$1.173122
2025-12-17 06:48:11,EUR/USD,$1.171631
2025-12-17 06:24:11,EUR/USD,$1.172953
2025-12-17 05:44:11,EUR/USD,$1.171170
2025-12-17 05:00:11,EUR/USD,$1.172395
2025-12-17 04:56:11,EUR/USD,$1.174522
2025-12-17 04:14:11,EUR/USD,$1.171886
2025-12-17 04:08:11,EUR/USD,$1.173701
2025-12-17 03:54:11,EUR/USD,$1.171955
2025-12-17 03:50:11,EUR/USD,$1.173277
2025-12-17 03:38:11,EUR/USD,$1.171742
2025-12-17 03:36:11,EUR/USD,$1.173707
2025-12-17 03:30:11,EUR/USD,$1.171620
2025-12-17 03:24:12,EUR/USD,$1.173370
2025-12-17 01:00:11,EUR/USD,$1.171189
2025-12-17 00:52:11,EUR/USD,$1.172395
2025-12-17 00:50:11,EUR/USD,$1.171144
2025-12-16 23:34:11,EUR/USD,$1.172696
2025-12-16 21:26:11,EUR/USD,$1.173931
2025-12-16 21:22:11,EUR/USD,$1.175303
2025-12-16 21:12:11,EUR/USD,$1.174119
2025-12-16 20:58:11,EUR/USD,$1.175321
2025-12-16 20:54:11,EUR/USD,$1.174125
2025-12-16 20:46:11,EUR/USD,$1.175454
2025-12-16 20:42:11,EUR/USD,$1.174092
2025-12-16 20:38:11,EUR/USD,$1.175362
2025-12-16 20:36:11,EUR/USD,$1.174138
2025-12-16 20:18:11,EUR/USD,$1.175409
2025-12-16 20:14:11,EUR/USD,$1.174195
2025-12-16 13:44:11,EUR/USD,$1.175374
2025-12-16 13:30:11,EUR/USD,$1.174196
2025-12-16 12:18:11,EUR/USD,$1.175390
2025-12-16 10:22:11,EUR/USD,$1.176693
2025-12-16 10:00:11,EUR/USD,$1.176798
2025-12-16 09:22:11,EUR/USD,$1.178042
2025-12-16 09:00:11,EUR/USD,$1.179246
2025-12-16 08:36:11,EUR/USD,$1.178057
2025-12-16 08:00:11,EUR/USD,$1.176850
2025-12-16 07:52:11,EUR/USD,$1.175662
2025-12-16 07:46:11,EUR/USD,$1.176999
2025-12-16 07:36:11,EUR/USD,$1.178401
2025-12-16 06:58:11,EUR/USD,$1.177011
2025-12-15 14:16:11,EUR/USD,$1.175497
2025-12-15 12:34:11,EUR/USD,$1.173954
2025-12-15 10:40:11,EUR/USD,$1.175231
2025-12-15 10:22:11,EUR/USD,$1.176775
2025-12-15 09:32:11,EUR/USD,$1.175918
2025-12-15 09:02:11,EUR/USD,$1.177222
2025-12-15 08:44:11,EUR/USD,$1.175752
2025-12-15 08:04:11,EUR/USD,$1.174477
2025-12-15 06:52:11,EUR/USD,$1.175850
2025-12-15 03:58:11,EUR/USD,$1.174647
2025-12-14 10:42:11,EUR/USD,$1.173035
2025-12-14 10:40:11,EUR/USD,$1.174226
2025-12-14 10:22:11,EUR/USD,$1.173011
2025-12-13 10:22:11,EUR/USD,$1.173157
2025-12-12 10:22:11,EUR/USD,$1.173292
2025-12-12 08:48:11,EUR/USD,$1.173585
2025-12-12 04:24:11,EUR/USD,$1.172377
2025-12-11 14:02:11,EUR/USD,$1.173591
2025-12-11 10:22:11,EUR/USD,$1.174841
2025-12-11 09:36:11,EUR/USD,$1.174379
2025-12-11 07:52:11,EUR/USD,$1.173200
2025-12-11 06:46:11,EUR/USD,$1.171879
2025-12-11 05:06:11,EUR/USD,$1.170632
2025-12-11 01:40:11,EUR/USD,$1.169437
2025-12-10 22:28:11,EUR/USD,$1.168047
2025-12-10 17:10:12,EUR/USD,$1.169314
2025-12-10 14:08:11,EUR/USD,$1.168080
2025-12-10 13:58:11,EUR/USD,$1.166421
2025-12-10 13:46:11,EUR/USD,$1.164848
2025-12-10 13:12:11,EUR/USD,$1.166483
2025-12-10 11:56:11,EUR/USD,$1.165227
2025-12-10 10:22:11,EUR/USD,$1.163934
2025-12-10 09:08:11,EUR/USD,$1.164401
2025-12-10 04:04:11,EUR/USD,$1.163230
2025-12-10 01:56:11,EUR/USD,$1.164450
2025-12-09 10:22:11,EUR/USD,$1.163284
2025-12-09 09:32:11,EUR/USD,$1.163060
2025-12-09 09:10:11,EUR/USD,$1.161698
2025-12-09 06:14:11,EUR/USD,$1.163377
2025-12-09 04:16:11,EUR/USD,$1.164564
2025-12-09 03:44:11,EUR/USD,$1.165848
2025-12-09 03:30:11,EUR/USD,$1.164525
2025-12-08 12:00:11,EUR/USD,$1.163351
2025-12-08 10:22:11,EUR/USD,$1.161935
2025-12-08 09:20:11,EUR/USD,$1.162134
2025-12-08 08:56:11,EUR/USD,$1.163507
2025-12-08 02:32:11,EUR/USD,$1.164936
2025-12-08 00:02:11,EUR/USD,$1.166146
2025-12-07 15:44:11,EUR/USD,$1.164341
2025-12-07 10:22:11,EUR/USD,$1.163172
2025-12-06 10:22:11,EUR/USD,$1.163346
2025-12-06 00:44:11,EUR/USD,$1.162774
2025-12-05 12:14:11,EUR/USD,$1.163960
2025-12-05 10:22:11,EUR/USD,$1.162727
2025-12-05 10:12:11,EUR/USD,$1.163658
2025-12-05 03:28:11,EUR/USD,$1.164826
2025-12-05 01:14:11,EUR/USD,$1.166055
2025-12-04 14:24:11,EUR/USD,$1.164754
2025-12-04 10:24:11,EUR/USD,$1.165995
2025-12-04 09:48:18,EUR/USD,$11.669135B

